millis,stamp,datetime,motion
999,1531898700, 2018/7/18 7:25:0, Inactive
1999,1531898700, 2018/7/18 7:25:0, Inactive
2999,1531898700, 2018/7/18 7:25:0, Inactive
3999,1531898700, 2018/7/18 7:25:0, Inactive
4999,1531898700, 2018/7/18 7:25:0, Inactive
5999,1531898700, 2018/7/18 7:25:0, Inactive
7000,1531898700, 2018/7/18 7:25:0, Inactive
7999,1531898700, 2018/7/18 7:25:0, Inactive
8999,1531898700, 2018/7/18 7:25:0, Active
9999,1531898700, 2018/7/18 7:25:0, Active
10998,1531898700, 2018/7/18 7:25:0, Active
11999,1531898700, 2018/7/18 7:25:0, Inactive
12999,1531898700, 2018/7/18 7:25:0, Inactive
13999,1531898700, 2018/7/18 7:25:0, Inactive
14999,1531898700, 2018/7/18 7:25:0, Inactive
16000,1531898700, 2018/7/18 7:25:0, Inactive
16999,1531898700, 2018/7/18 7:25:0, Inactive
17998,1531898700, 2018/7/18 7:25:0, Inactive
18999,1531898700, 2018/7/18 7:25:0, Inactive
19999,1531898700, 2018/7/18 7:25:0, Inactive
20999,1531898700, 2018/7/18 7:25:0, Inactive
21999,1531898700, 2018/7/18 7:25:0, Inactive
22999,1531898700, 2018/7/18 7:25:0, Inactive
23999,1531898700, 2018/7/18 7:25:0, Inactive
24998,1531898700, 2018/7/18 7:25:0, Inactive
25999,1531898700, 2018/7/18 7:25:0, Inactive
26999,1531898700, 2018/7/18 7:25:0, Inactive
27999,1531898700, 2018/7/18 7:25:0, Inactive
28999,1531898700, 2018/7/18 7:25:0, Inactive
30000,1531898700, 2018/7/18 7:25:0, Inactive
30999,1531898700, 2018/7/18 7:25:0, Inactive
32000,1531898700, 2018/7/18 7:25:0, Inactive
32999,1531898700, 2018/7/18 7:25:0, Inactive
33999,1531898700, 2018/7/18 7:25:0, Inactive
34999,1531898700, 2018/7/18 7:25:0, Inactive
35999,1531898700, 2018/7/18 7:25:0, Inactive
36999,1531898700, 2018/7/18 7:25:0, Inactive
37999,1531898700, 2018/7/18 7:25:0, Inactive
38999,1531898700, 2018/7/18 7:25:0, Inactive
39999,1531898700, 2018/7/18 7:25:0, Inactive
40999,1531898700, 2018/7/18 7:25:0, Inactive
41999,1531898700, 2018/7/18 7:25:0, Inactive
42999,1531898700, 2018/7/18 7:25:0, Inactive
43999,1531898700, 2018/7/18 7:25:0, Inactive
44999,1531898700, 2018/7/18 7:25:0, Inactive
46000,1531898700, 2018/7/18 7:25:0, Inactive
46999,1531898700, 2018/7/18 7:25:0, Inactive
48000,1531898700, 2018/7/18 7:25:0, Inactive
